index,k__Fungi;p__Ascomycota;__,k__Fungi;p__Ascomycota;c__Archaeorhizomycetes,k__Fungi;p__Ascomycota;c__Dothideomycetes,k__Fungi;p__Ascomycota;c__Eurotiomycetes,k__Fungi;p__Ascomycota;c__Leotiomycetes,k__Fungi;p__Ascomycota;c__Orbiliomycetes,k__Fungi;p__Ascomycota;c__Pezizomycetes,k__Fungi;p__Ascomycota;c__Saccharomycetes,k__Fungi;p__Ascomycota;c__Sordariomycetes,k__Fungi;p__Basidiobolomycota;c__Basidiobolomycetes,k__Fungi;p__Basidiomycota;__,k__Fungi;p__Basidiomycota;c__Agaricomycetes,k__Fungi;p__Basidiomycota;c__Cystobasidiomycetes,k__Fungi;p__Basidiomycota;c__Exobasidiomycetes,k__Fungi;p__Basidiomycota;c__Microbotryomycetes,k__Fungi;p__Basidiomycota;c__Pucciniomycetes,k__Fungi;p__Basidiomycota;c__Tremellomycetes,k__Fungi;p__Basidiomycota;c__unidentified,k__Fungi;p__Calcarisporiellomycota;c__Calcarisporiellomycetes,k__Fungi;p__Entorrhizomycota;c__Entorrhizomycetes,k__Fungi;p__Glomeromycota;__,k__Fungi;p__Glomeromycota;c__Glomeromycetes,k__Fungi;p__Glomeromycota;c__Paraglomeromycetes,k__Fungi;p__Mortierellomycota;__,k__Fungi;p__Mortierellomycota;c__Mortierellomycetes,k__Fungi;p__Mucoromycota;c__Mucoromycetes,k__Fungi;p__Olpidiomycota;c__Olpidiomycetes,k__Fungi;p__Rozellomycota;c__Rozellomycotina_cls_Incertae_sedis,k__Fungi;p__Rozellomycota;c__unidentified,k__Fungi;p__unidentified;c__unidentified,ExtractionNum,BarcodeSequence,LinkerPrimerSequence,Rootstock,Compartment,VineyardRow,ExtractDate,ExtractBatch,ExtractConc,260-280,Irrigation
MV08.1103P.2.B,0.0,0.0,38700.0,0.0,551.0,0.0,0.0,109.0,335.0,0.0,50.0,24.0,166.0,0.0,1949.0,0.0,6836.0,0.0,0.0,0.0,0.0,0.0,0.0,0.0,0.0,0.0,0.0,0.0,0.0,0.0,1,TGTAGTATAGGC,CGGCTGCGTTCTTCATCGATGC,1103P,Berry,8,2/14/2019,12,11.99,1.84,none
MV08.1103P.2.L,0.0,0.0,16790.0,0.0,20.0,0.0,0.0,0.0,131.0,0.0,38.0,0.0,584.0,0.0,3589.0,0.0,6891.0,0.0,0.0,0.0,0.0,0.0,0.0,0.0,0.0,0.0,0.0,0.0,0.0,0.0,2,CTCACGCAATGC,CGGCTGCGTTCTTCATCGATGC,1103P,Leaf,8,10/23/2018,2,34.15,1.43,none
MV08.1103P.2.R,5.0,0.0,697.0,0.0,212.0,0.0,0.0,456.0,2811.0,0.0,0.0,13971.0,9.0,0.0,12.0,0.0,3194.0,0.0,0.0,0.0,72.0,515.0,84.0,69.0,1490.0,0.0,0.0,0.0,0.0,0.0,3,GTCCCGTGAAAT,CGGCTGCGTTCTTCATCGATGC,1103P,Root,8,12/20/2018,6,3.44,1.22,none
MV08.1103P.2.S,10.0,0.0,1028.0,0.0,588.0,0.0,0.0,1215.0,4925.0,0.0,0.0,287.0,11.0,0.0,0.0,0.0,607.0,0.0,0.0,0.0,0.0,383.0,0.0,340.0,4654.0,0.0,55.0,0.0,0.0,160.0,4,CACAGTTGAAGT,CGGCTGCGTTCTTCATCGATGC,1103P,Soil,8,11/7/2018,3,33.98,1.83,none
MV08.1103P.3.B,5.0,0.0,3671.0,0.0,0.0,0.0,0.0,14942.0,254.0,0.0,33.0,0.0,188.0,0.0,393.0,0.0,837.0,0.0,0.0,0.0,0.0,0.0,0.0,0.0,0.0,0.0,0.0,0.0,0.0,0.0,5,CTAGGATCACTG,CGGCTGCGTTCTTCATCGATGC,1103P,Berry,8,2/14/2019,12,9.0,1.46,none
MV08.1103P.3.L,0.0,0.0,29971.0,0.0,34.0,0.0,0.0,600.0,258.0,0.0,75.0,0.0,718.0,0.0,2551.0,0.0,4830.0,0.0,0.0,0.0,0.0,0.0,0.0,0.0,0.0,0.0,0.0,0.0,0.0,0.0,6,GATGACCCAAAT,CGGCTGCGTTCTTCATCGATGC,1103P,Leaf,8,10/23/2018,2,11.81,1.31,none
MV08.1103P.3.R,0.0,0.0,233.0,0.0,185.0,0.0,766.0,344.0,25870.0,0.0,0.0,10976.0,32.0,0.0,41.0,23.0,72.0,0.0,0.0,0.0,306.0,852.0,39.0,288.0,1601.0,0.0,0.0,0.0,0.0,384.0,7,ACCGGAGTAGGA,CGGCTGCGTTCTTCATCGATGC,1103P,Root,8,12/20/2018,6,29.1,1.62,none
MV08.1103P.3.S,90.0,21.0,1828.0,77.0,1053.0,0.0,128.0,4753.0,10119.0,0.0,35.0,1125.0,25.0,0.0,11.0,17.0,355.0,0.0,0.0,0.0,86.0,828.0,127.0,87.0,11601.0,71.0,82.0,0.0,33.0,645.0,8,TGAGGACTACCT,CGGCTGCGTTCTTCATCGATGC,1103P,Soil,8,11/7/2018,3,36.78,1.79,none
MV08.3309C.6.B,5.0,0.0,2550.0,0.0,13.0,0.0,0.0,29704.0,112.0,0.0,76.0,0.0,80.0,0.0,386.0,0.0,595.0,0.0,0.0,0.0,0.0,0.0,0.0,0.0,0.0,0.0,0.0,0.0,0.0,0.0,9,CAATCGGCTTGC,CGGCTGCGTTCTTCATCGATGC,3309C,Berry,8,2/14/2019,12,8.58,1.6,none
MV08.3309C.6.L,65.0,0.0,22665.0,0.0,124.0,0.0,0.0,3.0,185.0,0.0,0.0,0.0,1189.0,0.0,3270.0,0.0,4151.0,0.0,0.0,0.0,0.0,0.0,0.0,0.0,0.0,0.0,0.0,0.0,0.0,0.0,10,AACACTCGATCG,CGGCTGCGTTCTTCATCGATGC,3309C,Leaf,8,10/23/2018,2,13.79,1.33,none
MV08.3309C.6.R,0.0,0.0,251.0,0.0,1414.0,0.0,0.0,52.0,4226.0,0.0,0.0,13977.0,0.0,0.0,13.0,0.0,222.0,0.0,0.0,0.0,0.0,1430.0,0.0,0.0,774.0,0.0,0.0,0.0,0.0,0.0,11,TGACCGGCTGTT,CGGCTGCGTTCTTCATCGATGC,3309C,Root,8,12/20/2018,6,21.45,1.89,none
MV08.3309C.6.S,22.0,0.0,2144.0,22.0,610.0,0.0,0.0,198.0,5010.0,0.0,0.0,5772.0,7.0,0.0,4.0,0.0,151.0,0.0,0.0,0.0,0.0,87.0,0.0,0.0,3099.0,0.0,4.0,0.0,0.0,15.0,12,GGAGGAGCAATA,CGGCTGCGTTCTTCATCGATGC,3309C,Soil,8,11/7/2018,3,42.0,1.86,none
MV08.3309C.7.B,156.0,0.0,19059.0,0.0,232.0,0.0,0.0,21.0,2982.0,0.0,0.0,5.0,374.0,0.0,2704.0,0.0,5450.0,0.0,0.0,0.0,0.0,0.0,0.0,0.0,0.0,0.0,0.0,0.0,0.0,0.0,13,GGACAGTGTATT,CGGCTGCGTTCTTCATCGATGC,3309C,Berry,8,2/14/2019,12,4.72,2.57,none
MV08.3309C.7.L,0.0,0.0,26155.0,0.0,13.0,0.0,0.0,0.0,110.0,0.0,51.0,19.0,365.0,0.0,2023.0,0.0,4124.0,0.0,0.0,0.0,0.0,0.0,0.0,0.0,0.0,0.0,0.0,0.0,0.0,0.0,14,ACACGACTATAG,CGGCTGCGTTCTTCATCGATGC,3309C,Leaf,8,10/23/2018,2,28.49,1.33,none
MV08.3309C.7.R,29.0,0.0,2827.0,121.0,113.0,0.0,0.0,763.0,10868.0,0.0,0.0,10328.0,0.0,0.0,75.0,0.0,990.0,41.0,0.0,0.0,0.0,104.0,0.0,36.0,518.0,0.0,0.0,0.0,0.0,0.0,15,GTGTAGGTGCTT,CGGCTGCGTTCTTCATCGATGC,3309C,Root,8,12/20/2018,6,20.38,1.42,none
MV08.3309C.7.S,23.0,7.0,2676.0,0.0,418.0,0.0,0.0,831.0,5135.0,0.0,0.0,1660.0,11.0,0.0,28.0,0.0,197.0,0.0,0.0,0.0,0.0,21.0,0.0,23.0,2449.0,0.0,8.0,0.0,0.0,13.0,16,GCTAGACACTAC,CGGCTGCGTTCTTCATCGATGC,3309C,Soil,8,11/7/2018,3,39.87,1.8,none
MV08.OWN.14.B,0.0,0.0,11195.0,0.0,22.0,0.0,0.0,49.0,138.0,0.0,0.0,0.0,312.0,0.0,993.0,0.0,1821.0,0.0,0.0,0.0,0.0,0.0,0.0,0.0,0.0,0.0,0.0,0.0,0.0,0.0,25,TGAACTAGCGTC,CGGCTGCGTTCTTCATCGATGC,OWN,Berry,8,2/12/2019,10,10.88,1.4,none
MV08.OWN.14.L,0.0,0.0,16953.0,0.0,14.0,0.0,0.0,0.0,385.0,0.0,0.0,0.0,155.0,0.0,2497.0,0.0,2355.0,0.0,0.0,0.0,0.0,0.0,0.0,0.0,0.0,0.0,0.0,0.0,0.0,0.0,26,TCCGAGTCACCA,CGGCTGCGTTCTTCATCGATGC,OWN,Leaf,8,1/14/2019,7,8.8,1.23,none
MV08.OWN.14.R,0.0,0.0,1389.0,73.0,370.0,0.0,0.0,0.0,6649.0,0.0,0.0,2774.0,0.0,0.0,0.0,0.0,86.0,0.0,0.0,0.0,0.0,248.0,666.0,306.0,3175.0,0.0,0.0,0.0,1186.0,0.0,27,TCCTCTTTGGTC,CGGCTGCGTTCTTCATCGATGC,OWN,Root,8,12/20/2018,6,8.43,1.54,none
MV08.OWN.14.S,43.0,5.0,827.0,0.0,200.0,0.0,0.0,11.0,12601.0,0.0,0.0,823.0,0.0,0.0,0.0,0.0,28.0,0.0,0.0,0.0,7.0,34.0,70.0,899.0,2339.0,0.0,69.0,0.0,0.0,10.0,28,CGTAGAGCTCTC,CGGCTGCGTTCTTCATCGATGC,OWN,Soil,8,11/7/2018,3,46.17,1.75,none
MV08.OWN.15.B,0.0,0.0,23072.0,0.0,22.0,0.0,0.0,0.0,371.0,0.0,56.0,0.0,314.0,0.0,1712.0,0.0,4698.0,0.0,0.0,0.0,0.0,0.0,0.0,0.0,0.0,0.0,0.0,0.0,0.0,0.0,29,CCTCTGAGAGCT,CGGCTGCGTTCTTCATCGATGC,OWN,Berry,8,2/13/2019,11,12.57,1.44,none
MV08.OWN.15.L,0.0,0.0,16256.0,0.0,14.0,0.0,0.0,0.0,109.0,0.0,0.0,0.0,278.0,0.0,4484.0,0.0,2923.0,0.0,0.0,0.0,0.0,0.0,0.0,0.0,0.0,0.0,0.0,0.0,0.0,0.0,30,CCTCGATGCAGT,CGGCTGCGTTCTTCATCGATGC,OWN,Leaf,8,10/23/2018,2,31.41,1.4,none
MV08.OWN.15.R,0.0,0.0,802.0,83.0,484.0,0.0,0.0,57.0,26945.0,0.0,0.0,12486.0,0.0,0.0,11.0,0.0,1140.0,0.0,0.0,0.0,0.0,1171.0,382.0,2240.0,1836.0,0.0,49.0,0.0,0.0,0.0,31,GCGGACTATTCA,CGGCTGCGTTCTTCATCGATGC,OWN,Root,8,12/13/2018,5,52.53,1.53,none
MV08.OWN.15.S,160.0,0.0,6311.0,38.0,1395.0,0.0,0.0,202.0,10628.0,0.0,0.0,3377.0,6.0,0.0,33.0,689.0,535.0,0.0,0.0,0.0,0.0,47.0,31.0,90.0,4499.0,0.0,55.0,0.0,4.0,31.0,32,CGTGCACAATTG,CGGCTGCGTTCTTCATCGATGC,OWN,Soil,8,11/7/2018,3,33.62,1.81,none
MV08.SO4.10.B,105.0,0.0,11661.0,0.0,48.0,0.0,0.0,0.0,638.0,0.0,0.0,9.0,645.0,0.0,834.0,0.0,2761.0,0.0,0.0,0.0,0.0,0.0,0.0,0.0,0.0,0.0,0.0,0.0,0.0,0.0,17,TTGGATTGAACG,CGGCTGCGTTCTTCATCGATGC,SO4,Berry,8,2/14/2019,12,6.44,1.45,none
MV08.SO4.10.L,0.0,0.0,26415.0,0.0,50.0,0.0,0.0,27.0,297.0,0.0,27.0,0.0,992.0,0.0,3989.0,0.0,6462.0,0.0,0.0,0.0,0.0,0.0,0.0,0.0,0.0,0.0,0.0,0.0,0.0,0.0,18,GATATACCAGTG,CGGCTGCGTTCTTCATCGATGC,SO4,Leaf,8,10/23/2018,2,26.75,1.6,none
MV08.SO4.10.R,49.0,0.0,563.0,88.0,337.0,0.0,0.0,0.0,26259.0,0.0,0.0,1114.0,0.0,0.0,5.0,0.0,649.0,0.0,0.0,0.0,649.0,2021.0,0.0,27.0,3777.0,36.0,0.0,0.0,0.0,0.0,19,AACAAACTGCCA,CGGCTGCGTTCTTCATCGATGC,SO4,Root,8,12/20/2018,6,22.85,1.66,none
MV08.SO4.10.S,560.0,5.0,4527.0,152.0,3046.0,52.0,0.0,382.0,21351.0,0.0,0.0,3043.0,14.0,0.0,29.0,0.0,300.0,0.0,0.0,5.0,39.0,93.0,0.0,149.0,11286.0,0.0,17.0,24.0,33.0,21.0,20,GTAGACATGTGT,CGGCTGCGTTCTTCATCGATGC,SO4,Soil,8,11/7/2018,3,47.89,1.77,none
MV08.SO4.11.B,134.0,0.0,27753.0,0.0,131.0,0.0,0.0,11.0,2967.0,0.0,8.0,0.0,1368.0,0.0,2046.0,0.0,6407.0,0.0,0.0,0.0,0.0,0.0,0.0,0.0,0.0,0.0,0.0,0.0,0.0,0.0,21,TACAGTTACGCG,CGGCTGCGTTCTTCATCGATGC,SO4,Berry,8,2/12/2019,10,8.94,2.52,none
MV08.SO4.11.L,0.0,0.0,23360.0,0.0,13.0,0.0,0.0,0.0,121.0,0.0,0.0,0.0,495.0,0.0,4269.0,0.0,2824.0,0.0,0.0,0.0,0.0,0.0,0.0,0.0,0.0,0.0,0.0,0.0,0.0,0.0,22,CAAGCCCTAGTA,CGGCTGCGTTCTTCATCGATGC,SO4,Leaf,8,1/14/2019,7,7.12,0.74,none
MV08.SO4.11.R,28.0,11.0,811.0,27.0,419.0,0.0,0.0,215.0,13762.0,0.0,0.0,4471.0,5.0,0.0,33.0,0.0,373.0,50.0,0.0,0.0,0.0,51.0,10.0,315.0,4868.0,0.0,0.0,0.0,158.0,14.0,23,TAGTGTCGGATC,CGGCTGCGTTCTTCATCGATGC,SO4,Root,8,12/13/2018,5,24.37,1.71,none
MV08.SO4.11.S,421.0,0.0,1065.0,0.0,545.0,0.0,0.0,1192.0,6531.0,0.0,0.0,7265.0,0.0,0.0,8.0,0.0,99.0,0.0,0.0,15.0,0.0,38.0,0.0,0.0,2792.0,0.0,9.0,0.0,3.0,0.0,24,CTGAGCTCTGCA,CGGCTGCGTTCTTCATCGATGC,SO4,Soil,8,11/7/2018,3,43.29,1.82,none
MV09.1103P.6.B,9.0,0.0,19913.0,0.0,199.0,0.0,0.0,6401.0,887.0,0.0,0.0,0.0,336.0,0.0,1104.0,0.0,3097.0,0.0,0.0,0.0,0.0,0.0,0.0,0.0,0.0,0.0,0.0,0.0,0.0,0.0,41,ATGGCCTGACTA,CGGCTGCGTTCTTCATCGATGC,1103P,Berry,9,2/19/2019,14,9.51,1.37,rdi
MV09.1103P.6.L,0.0,0.0,27031.0,0.0,33.0,0.0,0.0,49.0,507.0,0.0,11.0,0.0,726.0,0.0,3311.0,0.0,5945.0,0.0,0.0,0.0,0.0,0.0,0.0,0.0,0.0,0.0,0.0,0.0,0.0,0.0,42,ACGCACATACAA,CGGCTGCGTTCTTCATCGATGC,1103P,Leaf,9,10/23/2018,2,27.55,1.3,rdi
MV09.1103P.6.R,52.0,0.0,1345.0,34.0,6470.0,0.0,2434.0,1295.0,10037.0,0.0,0.0,6117.0,26.0,0.0,67.0,0.0,277.0,0.0,0.0,0.0,350.0,3316.0,142.0,6.0,3169.0,0.0,0.0,0.0,17.0,0.0,43,TGAGTGGTCTGT,CGGCTGCGTTCTTCATCGATGC,1103P,Root,9,12/20/2018,6,22.94,1.53,rdi
MV09.1103P.6.S,84.0,28.0,4084.0,71.0,5222.0,22.0,47.0,12245.0,8961.0,0.0,0.0,2989.0,22.0,0.0,73.0,0.0,370.0,0.0,0.0,0.0,0.0,330.0,65.0,0.0,4287.0,17.0,17.0,0.0,14.0,148.0,44,GATAGCACTCGT,CGGCTGCGTTCTTCATCGATGC,1103P,Soil,9,11/7/2018,3,38.09,1.89,rdi
MV09.1103P.7.B,365.0,0.0,17755.0,0.0,147.0,0.0,0.0,3292.0,624.0,0.0,251.0,0.0,1928.0,0.0,2866.0,0.0,9431.0,0.0,0.0,0.0,0.0,0.0,0.0,0.0,0.0,0.0,0.0,0.0,0.0,0.0,45,TAGCGCGAACTT,CGGCTGCGTTCTTCATCGATGC,1103P,Berry,9,2/18/2019,13,25.28,1.45,rdi
MV09.1103P.7.L,0.0,0.0,15763.0,0.0,6.0,0.0,0.0,2355.0,299.0,0.0,36.0,0.0,608.0,0.0,3407.0,0.0,2812.0,0.0,0.0,0.0,0.0,0.0,0.0,0.0,0.0,0.0,0.0,0.0,0.0,0.0,46,CATACACGCACC,CGGCTGCGTTCTTCATCGATGC,1103P,Leaf,9,10/23/2018,2,31.05,1.34,rdi
MV09.1103P.7.R,29.0,0.0,1393.0,46.0,874.0,0.0,0.0,1914.0,7238.0,0.0,0.0,9588.0,4.0,0.0,26.0,0.0,627.0,0.0,0.0,0.0,0.0,1330.0,368.0,0.0,6917.0,0.0,4.0,0.0,0.0,0.0,47,ACCTCAGTCAAG,CGGCTGCGTTCTTCATCGATGC,1103P,Root,9,12/13/2018,5,24.33,1.85,rdi
MV09.1103P.7.S,34.0,0.0,809.0,0.0,1593.0,0.0,10.0,2340.0,5700.0,0.0,0.0,2148.0,0.0,0.0,0.0,0.0,330.0,0.0,0.0,0.0,0.0,206.0,37.0,5.0,6862.0,0.0,65.0,0.0,0.0,714.0,48,TCGACCAAACAC,CGGCTGCGTTCTTCATCGATGC,1103P,Soil,9,11/7/2018,3,54.11,1.83,rdi
MV09.3309C.10.B,0.0,0.0,27432.0,0.0,189.0,0.0,0.0,0.0,2388.0,0.0,137.0,219.0,868.0,0.0,662.0,0.0,3018.0,0.0,0.0,0.0,0.0,0.0,0.0,0.0,0.0,0.0,0.0,0.0,0.0,0.0,49,ACGGCTAGTTCC,CGGCTGCGTTCTTCATCGATGC,3309C,Berry,9,2/19/2019,14,14.24,1.47,rdi
MV09.3309C.10.L,0.0,0.0,36933.0,0.0,165.0,0.0,0.0,2.0,331.0,0.0,19.0,0.0,842.0,0.0,8960.0,0.0,8112.0,0.0,0.0,0.0,0.0,0.0,0.0,0.0,0.0,0.0,0.0,0.0,0.0,0.0,50,GCACTGGCATAT,CGGCTGCGTTCTTCATCGATGC,3309C,Leaf,9,10/23/2018,2,28.68,1.32,rdi
MV09.3309C.10.R,0.0,0.0,91.0,0.0,0.0,0.0,0.0,0.0,159.0,0.0,0.0,0.0,0.0,0.0,16.0,0.0,25.0,0.0,0.0,0.0,0.0,0.0,0.0,0.0,27.0,0.0,0.0,0.0,0.0,0.0,51,CGCCGGTAATCT,CGGCTGCGTTCTTCATCGATGC,3309C,Root,9,12/20/2018,6,22.55,1.54,rdi
MV09.3309C.10.S,32.0,0.0,616.0,0.0,227.0,0.0,0.0,387.0,3361.0,0.0,0.0,291.0,0.0,0.0,19.0,0.0,269.0,0.0,0.0,0.0,0.0,67.0,46.0,0.0,3278.0,0.0,33.0,0.0,0.0,0.0,52,CCGATGCCTTGA,CGGCTGCGTTCTTCATCGATGC,3309C,Soil,9,11/7/2018,3,31.16,1.82,rdi
MV09.3309C.11.B,0.0,0.0,14571.0,0.0,41.0,0.0,0.0,7.0,432.0,0.0,71.0,0.0,729.0,0.0,990.0,0.0,2319.0,0.0,0.0,0.0,0.0,0.0,0.0,0.0,0.0,0.0,0.0,0.0,0.0,0.0,53,AGCAGGCACGAA,CGGCTGCGTTCTTCATCGATGC,3309C,Berry,9,2/13/2019,11,12.32,1.45,rdi
MV09.3309C.11.L,0.0,0.0,10209.0,0.0,22.0,0.0,0.0,0.0,82.0,0.0,0.0,0.0,358.0,0.0,3071.0,0.0,2190.0,0.0,0.0,0.0,0.0,0.0,0.0,0.0,0.0,0.0,0.0,0.0,0.0,0.0,54,TACGCAGCACTA,CGGCTGCGTTCTTCATCGATGC,3309C,Leaf,9,10/23/2018,2,11.92,1.29,rdi
MV09.3309C.11.R,0.0,0.0,243.0,0.0,155.0,0.0,0.0,0.0,16303.0,0.0,0.0,3305.0,0.0,0.0,0.0,0.0,10.0,0.0,0.0,0.0,0.0,37.0,0.0,81.0,241.0,0.0,0.0,0.0,0.0,224.0,55,GGCATTAGTTGA,CGGCTGCGTTCTTCATCGATGC,3309C,Root,9,12/20/2018,6,33.73,1.62,rdi
MV09.3309C.11.S,6.0,16.0,1907.0,88.0,1363.0,0.0,0.0,457.0,6227.0,0.0,0.0,490.0,16.0,0.0,19.0,0.0,553.0,0.0,0.0,0.0,0.0,99.0,0.0,693.0,9618.0,84.0,123.0,0.0,14.0,0.0,56,CGGTAGTTGATC,CGGCTGCGTTCTTCATCGATGC,3309C,Soil,9,11/7/2018,3,40.25,1.84,rdi
MV09.OWN.2.B,0.0,0.0,35079.0,0.0,212.0,0.0,0.0,29.0,1505.0,0.0,39.0,12.0,303.0,0.0,935.0,0.0,2940.0,0.0,0.0,0.0,0.0,0.0,0.0,0.0,0.0,0.0,0.0,0.0,0.0,0.0,33,CGGCCTAAGTTC,CGGCTGCGTTCTTCATCGATGC,OWN,Berry,9,2/12/2019,10,27.97,1.67,rdi
MV09.OWN.2.L,0.0,0.0,21692.0,0.0,38.0,0.0,0.0,7.0,234.0,0.0,16.0,0.0,649.0,0.0,1476.0,0.0,2853.0,0.0,0.0,0.0,0.0,0.0,0.0,0.0,0.0,0.0,0.0,0.0,0.0,0.0,34,AGCGCTCACATC,CGGCTGCGTTCTTCATCGATGC,OWN,Leaf,9,1/14/2019,7,7.53,0.87,rdi
MV09.OWN.2.R,0.0,0.0,1060.0,109.0,176.0,0.0,6419.0,0.0,10680.0,0.0,0.0,4734.0,0.0,0.0,0.0,0.0,5430.0,0.0,0.0,0.0,0.0,1473.0,66.0,12.0,519.0,0.0,0.0,0.0,0.0,49.0,35,TGGTTATGGCAC,CGGCTGCGTTCTTCATCGATGC,OWN,Root,9,12/13/2018,5,47.89,1.57,rdi
MV09.OWN.2.S,104.0,0.0,4020.0,14.0,1188.0,0.0,63.0,138.0,10532.0,0.0,4.0,248.0,17.0,0.0,21.0,4.0,663.0,0.0,0.0,0.0,0.0,496.0,23.0,971.0,2813.0,0.0,16.0,0.0,4.0,21.0,36,CGAGGTTCTGAT,CGGCTGCGTTCTTCATCGATGC,OWN,Soil,9,11/7/2018,3,35.19,1.83,rdi
MV09.OWN.3.B,79.0,0.0,26718.0,0.0,1049.0,0.0,0.0,19.0,3122.0,0.0,0.0,0.0,208.0,0.0,596.0,0.0,8549.0,0.0,0.0,0.0,0.0,0.0,0.0,0.0,0.0,0.0,0.0,0.0,0.0,0.0,37,TCCACCCTCTAT,CGGCTGCGTTCTTCATCGATGC,OWN,Berry,9,2/12/2019,10,20.99,1.5,rdi
MV09.OWN.3.L,81.0,0.0,41560.0,0.0,377.0,0.0,0.0,951.0,280.0,0.0,78.0,0.0,854.0,0.0,11380.0,0.0,6140.0,0.0,0.0,0.0,0.0,0.0,0.0,0.0,0.0,0.0,0.0,0.0,0.0,0.0,38,TCGTGACGCTAA,CGGCTGCGTTCTTCATCGATGC,OWN,Leaf,9,1/14/2019,7,9.1,1.44,rdi
MV09.OWN.3.R,0.0,0.0,0.0,0.0,0.0,0.0,12.0,0.0,201.0,0.0,0.0,111.0,0.0,0.0,0.0,0.0,25.0,0.0,0.0,0.0,0.0,25.0,0.0,0.0,174.0,0.0,0.0,0.0,0.0,0.0,39,TTGCACCGTCGA,CGGCTGCGTTCTTCATCGATGC,OWN,Root,9,12/20/2018,6,21.69,1.67,rdi
MV09.OWN.3.S,0.0,0.0,2749.0,123.0,608.0,0.0,52.0,28.0,6500.0,0.0,0.0,251.0,0.0,0.0,0.0,0.0,1836.0,0.0,0.0,0.0,0.0,19.0,16.0,217.0,2095.0,0.0,10.0,0.0,0.0,54.0,40,TGCTACAGACGT,CGGCTGCGTTCTTCATCGATGC,OWN,Soil,9,11/7/2018,3,46.9,1.83,rdi
MV09.SO4.14.B,26.0,0.0,18542.0,0.0,45.0,0.0,0.0,35.0,531.0,0.0,0.0,0.0,322.0,0.0,660.0,0.0,2789.0,0.0,0.0,0.0,0.0,0.0,0.0,0.0,0.0,0.0,0.0,0.0,0.0,0.0,57,TCGAGCCGATCT,CGGCTGCGTTCTTCATCGATGC,SO4,Berry,9,2/19/2019,14,19.25,1.52,rdi
MV09.SO4.14.L,0.0,0.0,22468.0,0.0,11.0,0.0,0.0,0.0,133.0,0.0,0.0,0.0,850.0,0.0,4456.0,0.0,5110.0,0.0,0.0,0.0,0.0,0.0,0.0,0.0,12.0,0.0,0.0,0.0,0.0,0.0,58,CTCATCATGTTC,CGGCTGCGTTCTTCATCGATGC,SO4,Leaf,9,10/23/2018,2,10.83,1.49,rdi
MV09.SO4.14.R,0.0,0.0,608.0,0.0,65.0,0.0,0.0,287.0,17856.0,0.0,0.0,4832.0,10.0,0.0,38.0,0.0,110.0,0.0,0.0,0.0,0.0,115.0,38.0,218.0,1458.0,0.0,0.0,0.0,0.0,0.0,59,CCAGGGACTTCT,CGGCTGCGTTCTTCATCGATGC,SO4,Root,9,12/20/2018,6,24.63,1.55,rdi
MV09.SO4.14.S,85.0,5.0,2960.0,141.0,209.0,0.0,0.0,5077.0,11699.0,0.0,38.0,835.0,0.0,0.0,143.0,0.0,375.0,0.0,0.0,17.0,10.0,46.0,20.0,453.0,5940.0,57.0,208.0,0.0,4.0,67.0,60,GCAATCCTTGCG,CGGCTGCGTTCTTCATCGATGC,SO4,Soil,9,11/7/2018,3,35.81,1.78,rdi
MV09.SO4.15.B,0.0,0.0,6927.0,0.0,0.0,0.0,0.0,6.0,16.0,0.0,0.0,0.0,373.0,0.0,1150.0,0.0,3097.0,0.0,0.0,0.0,0.0,0.0,0.0,0.0,0.0,0.0,0.0,0.0,0.0,0.0,61,TGAAAGCGGCGA,CGGCTGCGTTCTTCATCGATGC,SO4,Berry,9,2/13/2019,11,11.02,1.44,rdi
MV09.SO4.15.L,0.0,0.0,29640.0,0.0,34.0,0.0,0.0,36.0,405.0,0.0,20.0,0.0,880.0,0.0,2500.0,0.0,5757.0,0.0,0.0,0.0,0.0,0.0,0.0,0.0,0.0,0.0,0.0,0.0,0.0,0.0,62,GGTTACGGTTAC,CGGCTGCGTTCTTCATCGATGC,SO4,Leaf,9,10/23/2018,2,15.55,1.61,rdi
MV09.SO4.15.R,0.0,0.0,21.0,0.0,9.0,0.0,0.0,0.0,530.0,0.0,0.0,476.0,0.0,0.0,0.0,0.0,0.0,0.0,0.0,0.0,0.0,9.0,0.0,8.0,12.0,0.0,0.0,0.0,0.0,0.0,63,GGCCTATAAGTC,CGGCTGCGTTCTTCATCGATGC,SO4,Root,9,12/13/2018,5,30.29,1.5,rdi
MV09.SO4.15.S,43.0,0.0,1597.0,54.0,3024.0,60.0,0.0,132.0,6285.0,0.0,0.0,2377.0,15.0,0.0,12.0,0.0,185.0,0.0,0.0,0.0,0.0,161.0,0.0,436.0,4790.0,0.0,0.0,0.0,0.0,37.0,64,TCCATTTCATGC,CGGCTGCGTTCTTCATCGATGC,SO4,Soil,9,11/7/2018,3,69.09,1.91,rdi
MV10.1103P.14.B,62.0,0.0,11329.0,0.0,67.0,0.0,0.0,3333.0,878.0,0.0,80.0,0.0,4005.0,0.0,2986.0,0.0,3932.0,0.0,0.0,0.0,0.0,0.0,0.0,0.0,0.0,0.0,0.0,0.0,0.0,0.0,89,CAGACACTTCCG,CGGCTGCGTTCTTCATCGATGC,1103P,Berry,10,2/19/2019,14,9.93,1.42,full
MV10.1103P.14.L,0.0,0.0,17320.0,0.0,0.0,0.0,0.0,29.0,128.0,0.0,0.0,0.0,317.0,0.0,3497.0,0.0,2325.0,0.0,0.0,0.0,0.0,0.0,0.0,0.0,0.0,0.0,0.0,0.0,0.0,0.0,90,TCACCATCCGAG,CGGCTGCGTTCTTCATCGATGC,1103P,Leaf,10,10/23/2018,2,28.01,1.4,full
MV10.1103P.14.R,6.0,0.0,215.0,0.0,44.0,0.0,0.0,2202.0,1379.0,0.0,0.0,220.0,0.0,0.0,42.0,0.0,107.0,0.0,0.0,0.0,0.0,0.0,52.0,0.0,266.0,0.0,0.0,0.0,0.0,0.0,91,CGACACGGAGAA,CGGCTGCGTTCTTCATCGATGC,1103P,Root,10,12/13/2018,5,24.81,1.8,full
MV10.1103P.14.S,61.0,0.0,1703.0,80.0,766.0,110.0,0.0,2139.0,4922.0,0.0,0.0,1170.0,9.0,0.0,0.0,0.0,275.0,0.0,0.0,0.0,16.0,33.0,118.0,30.0,2473.0,0.0,0.0,0.0,23.0,0.0,92,GAACCTATGACA,CGGCTGCGTTCTTCATCGATGC,1103P,Soil,10,11/7/2018,3,33.07,1.79,full
MV10.1103P.15.B,40.0,0.0,12798.0,50.0,70.0,0.0,0.0,11322.0,1111.0,0.0,54.0,9.0,1206.0,0.0,949.0,0.0,3088.0,0.0,0.0,0.0,0.0,0.0,0.0,0.0,0.0,0.0,0.0,0.0,0.0,0.0,93,ATGCCGGTAATA,CGGCTGCGTTCTTCATCGATGC,1103P,Berry,10,2/14/2019,12,6.51,1.45,full
MV10.1103P.15.L,0.0,0.0,14023.0,0.0,23.0,0.0,0.0,264.0,73.0,0.0,33.0,0.0,168.0,0.0,2654.0,0.0,2633.0,0.0,0.0,0.0,0.0,0.0,0.0,0.0,0.0,0.0,0.0,0.0,0.0,0.0,94,GAACAGCTCTAC,CGGCTGCGTTCTTCATCGATGC,1103P,Leaf,10,10/23/2018,2,22.29,1.41,full
MV10.1103P.15.R,85.0,0.0,525.0,139.0,3218.0,0.0,0.0,1761.0,9190.0,0.0,0.0,7426.0,0.0,0.0,43.0,0.0,204.0,0.0,0.0,0.0,0.0,7717.0,203.0,16.0,3780.0,0.0,0.0,11.0,11.0,0.0,95,GTGAGTCATACC,CGGCTGCGTTCTTCATCGATGC,1103P,Root,10,12/13/2018,5,45.47,1.6,full
MV10.1103P.15.S,35.0,34.0,1190.0,128.0,4796.0,0.0,0.0,8264.0,9652.0,0.0,0.0,650.0,19.0,0.0,24.0,0.0,570.0,0.0,0.0,5.0,0.0,720.0,286.0,9.0,6104.0,0.0,0.0,44.0,38.0,16.0,96,TGGCCGTTACTG,CGGCTGCGTTCTTCATCGATGC,1103P,Soil,10,11/7/2018,3,32.09,1.79,full
MV10.3309C.2.B,0.0,0.0,18128.0,0.0,71.0,0.0,0.0,104.0,581.0,0.0,113.0,0.0,314.0,0.0,514.0,0.0,2863.0,0.0,0.0,0.0,0.0,0.0,0.0,0.0,0.0,0.0,0.0,0.0,0.0,0.0,65,TCGGCGATCATC,CGGCTGCGTTCTTCATCGATGC,3309C,Berry,10,2/13/2019,11,9.88,1.51,full
MV10.3309C.2.L,65.0,0.0,31905.0,0.0,53.0,0.0,0.0,3.0,257.0,0.0,0.0,24.0,856.0,0.0,2759.0,0.0,4542.0,0.0,0.0,0.0,0.0,0.0,0.0,0.0,0.0,0.0,0.0,0.0,0.0,0.0,66,GTTTCACGCGAA,CGGCTGCGTTCTTCATCGATGC,3309C,Leaf,10,10/23/2018,2,11.25,1.46,full
MV10.3309C.2.R,0.0,0.0,376.0,0.0,1223.0,0.0,0.0,151.0,15749.0,0.0,0.0,6572.0,7.0,0.0,10.0,0.0,43.0,0.0,0.0,0.0,16.0,762.0,0.0,0.0,1242.0,0.0,0.0,0.0,0.0,0.0,67,ACAAGAACCTTG,CGGCTGCGTTCTTCATCGATGC,3309C,Root,10,12/13/2018,5,27.83,1.4,full
MV10.3309C.2.S,73.0,6.0,1592.0,120.0,654.0,0.0,0.0,589.0,8363.0,0.0,6.0,861.0,0.0,0.0,154.0,0.0,163.0,0.0,0.0,0.0,30.0,812.0,0.0,1465.0,7697.0,0.0,60.0,0.0,10.0,194.0,68,TACTCTCTTAGC,CGGCTGCGTTCTTCATCGATGC,3309C,Soil,10,11/7/2018,3,41.51,1.83,full
MV10.3309C.3.B,59.0,0.0,21520.0,10.0,133.0,0.0,0.0,75.0,478.0,0.0,90.0,0.0,2929.0,0.0,2324.0,0.0,4831.0,0.0,0.0,0.0,0.0,0.0,0.0,0.0,0.0,0.0,0.0,0.0,0.0,0.0,69,AACTGTTCGCGC,CGGCTGCGTTCTTCATCGATGC,3309C,Berry,10,2/13/2019,11,16.79,1.43,full
MV10.3309C.3.L,0.0,0.0,17360.0,0.0,29.0,0.0,0.0,0.0,126.0,0.0,21.0,0.0,583.0,0.0,3867.0,0.0,3828.0,0.0,0.0,0.0,0.0,0.0,0.0,0.0,0.0,0.0,0.0,0.0,0.0,0.0,70,CGAAGCATCTAC,CGGCTGCGTTCTTCATCGATGC,3309C,Leaf,10,10/23/2018,2,10.9,1.33,full
MV10.3309C.3.R,62.0,0.0,4255.0,96.0,212.0,0.0,0.0,1159.0,12153.0,0.0,0.0,872.0,3.0,0.0,47.0,0.0,7301.0,0.0,0.0,0.0,0.0,1409.0,0.0,18.0,668.0,0.0,0.0,0.0,0.0,0.0,71,GTTTGGCCACAC,CGGCTGCGTTCTTCATCGATGC,3309C,Root,10,12/13/2018,5,31.76,1.74,full
MV10.3309C.3.S,17.0,0.0,4466.0,47.0,3471.0,0.0,0.0,2345.0,9244.0,0.0,0.0,29.0,12.0,0.0,21.0,578.0,108.0,0.0,0.0,0.0,0.0,314.0,0.0,46.0,7227.0,0.0,22.0,0.0,0.0,0.0,72,TCAGGTTGCCCA,CGGCTGCGTTCTTCATCGATGC,3309C,Soil,10,11/7/2018,3,51.39,1.83,full
MV10.OWN.10.B,30.0,0.0,14240.0,0.0,484.0,0.0,0.0,3497.0,1782.0,0.0,11.0,0.0,536.0,0.0,417.0,0.0,2611.0,0.0,0.0,0.0,0.0,0.0,0.0,0.0,0.0,0.0,0.0,0.0,0.0,0.0,81,GACGCTTTGCTG,CGGCTGCGTTCTTCATCGATGC,OWN,Berry,10,2/19/2019,14,7.73,1.63,full
MV10.OWN.10.L,24.0,0.0,30287.0,0.0,42.0,0.0,0.0,0.0,296.0,0.0,53.0,0.0,2636.0,0.0,3841.0,0.0,4148.0,0.0,0.0,0.0,0.0,0.0,0.0,0.0,0.0,0.0,0.0,0.0,0.0,0.0,82,ACAGGGTTTGTA,CGGCTGCGTTCTTCATCGATGC,OWN,Leaf,10,10/23/2018,2,27.27,1.28,full
MV10.OWN.10.R,0.0,0.0,1798.0,62.0,368.0,0.0,0.0,24.0,9313.0,0.0,0.0,15275.0,17.0,0.0,51.0,0.0,142.0,0.0,0.0,0.0,0.0,832.0,21.0,0.0,2634.0,0.0,0.0,0.0,85.0,31.0,83,GCCTATGAGATC,CGGCTGCGTTCTTCATCGATGC,OWN,Root,10,12/13/2018,5,10.41,1.83,full
MV10.OWN.10.S,35.0,11.0,2973.0,187.0,3517.0,0.0,95.0,108.0,9574.0,0.0,0.0,1356.0,17.0,0.0,34.0,0.0,453.0,51.0,0.0,0.0,0.0,968.0,291.0,47.0,8307.0,0.0,0.0,27.0,90.0,45.0,84,CAAACCTATGGC,CGGCTGCGTTCTTCATCGATGC,OWN,Soil,10,11/7/2018,3,38.34,1.82,full
MV10.OWN.11.B,0.0,0.0,27015.0,0.0,188.0,0.0,0.0,13.0,1148.0,0.0,65.0,0.0,491.0,0.0,1454.0,0.0,2937.0,0.0,0.0,0.0,0.0,0.0,0.0,0.0,0.0,0.0,0.0,0.0,0.0,0.0,85,ATCGCTTAAGGC,CGGCTGCGTTCTTCATCGATGC,OWN,Berry,10,2/19/2019,14,9.26,1.46,full
MV10.OWN.11.L,5.0,0.0,28574.0,0.0,15.0,0.0,0.0,35.0,209.0,0.0,26.0,0.0,744.0,0.0,6684.0,0.0,4937.0,0.0,0.0,0.0,0.0,0.0,0.0,0.0,0.0,0.0,0.0,0.0,0.0,0.0,86,ACCATCCAACGA,CGGCTGCGTTCTTCATCGATGC,OWN,Leaf,10,10/23/2018,2,30.63,1.3,full
MV10.OWN.11.R,5.0,0.0,1556.0,0.0,85.0,0.0,0.0,114.0,4995.0,0.0,2.0,10394.0,36.0,0.0,90.0,0.0,107.0,0.0,0.0,0.0,0.0,170.0,1086.0,1294.0,2449.0,0.0,0.0,18.0,0.0,46.0,87,GCAATAGGAGGA,CGGCTGCGTTCTTCATCGATGC,OWN,Root,10,12/20/2018,6,19.15,1.61,full
MV10.OWN.11.S,84.0,0.0,1193.0,0.0,688.0,0.0,0.0,74.0,4817.0,0.0,0.0,242.0,0.0,0.0,17.0,0.0,364.0,0.0,0.0,0.0,0.0,20.0,155.0,125.0,2447.0,0.0,0.0,0.0,25.0,18.0,88,CCGAACGTCACT,CGGCTGCGTTCTTCATCGATGC,OWN,Soil,10,11/7/2018,3,48.94,1.82,full
MV10.SO4.7.B,52.0,0.0,19251.0,0.0,298.0,0.0,0.0,73.0,203.0,0.0,0.0,0.0,512.0,0.0,2262.0,0.0,6489.0,0.0,0.0,0.0,0.0,0.0,0.0,0.0,0.0,0.0,0.0,0.0,0.0,0.0,77,ACATCAGGTCAC,CGGCTGCGTTCTTCATCGATGC,SO4,Berry,10,2/13/2019,11,6.47,1.45,full
MV10.SO4.7.L,0.0,0.0,24554.0,0.0,71.0,0.0,0.0,11.0,502.0,0.0,0.0,8.0,1159.0,0.0,4164.0,0.0,6539.0,0.0,0.0,0.0,0.0,0.0,0.0,0.0,0.0,0.0,0.0,0.0,0.0,0.0,78,GTTGATACGATG,CGGCTGCGTTCTTCATCGATGC,SO4,Leaf,10,10/23/2018,2,7.74,1.39,full
MV10.SO4.7.R,0.0,0.0,0.0,0.0,0.0,0.0,0.0,2.0,533.0,0.0,0.0,628.0,0.0,0.0,0.0,0.0,0.0,0.0,0.0,0.0,0.0,0.0,0.0,0.0,10.0,0.0,0.0,0.0,0.0,0.0,79,CTTGGAGGCTTA,CGGCTGCGTTCTTCATCGATGC,SO4,Root,10,12/13/2018,5,18.24,1.27,full
MV10.SO4.7.S,81.0,0.0,1187.0,0.0,3115.0,0.0,0.0,122.0,11049.0,0.0,0.0,1850.0,34.0,0.0,27.0,0.0,516.0,0.0,0.0,0.0,64.0,201.0,59.0,0.0,3035.0,0.0,47.0,0.0,0.0,99.0,80,ACGTGGTTCCAC,CGGCTGCGTTCTTCATCGATGC,SO4,Soil,10,11/7/2018,3,45.13,1.78,full
MV11.1103P.6-7.R,5.0,0.0,270.0,0.0,325.0,0.0,0.0,11.0,20233.0,0.0,0.0,1055.0,0.0,0.0,0.0,0.0,9.0,0.0,0.0,0.0,0.0,0.0,59.0,13.0,346.0,0.0,0.0,0.0,0.0,0.0,105,CGAGTTCATCGA,CGGCTGCGTTCTTCATCGATGC,1103P,Root,11,12/13/2018,5,37.52,1.51,rdi
MV11.1103P.6-7.S,928.0,26.0,6580.0,183.0,1660.0,0.0,0.0,76.0,10447.0,0.0,0.0,283.0,0.0,0.0,21.0,0.0,412.0,0.0,0.0,0.0,0.0,95.0,222.0,0.0,3633.0,0.0,15.0,0.0,3.0,192.0,106,AAGCAGATTGTC,CGGCTGCGTTCTTCATCGATGC,1103P,Soil,11,11/14/208,4,65.54,1.85,rdi
MV11.1103P.6.L,0.0,0.0,27829.0,0.0,58.0,0.0,0.0,0.0,246.0,0.0,42.0,0.0,1804.0,0.0,3838.0,0.0,3229.0,0.0,0.0,0.0,0.0,0.0,0.0,0.0,0.0,0.0,0.0,0.0,0.0,0.0,104,TGATAGGTACAC,CGGCTGCGTTCTTCATCGATGC,1103P,Leaf,11,10/18/2018,1,35.19,1.43,rdi
MV11.1103P.7.B,6.0,0.0,18698.0,0.0,61.0,0.0,0.0,10994.0,972.0,0.0,3.0,0.0,224.0,0.0,1538.0,0.0,8963.0,0.0,0.0,0.0,0.0,0.0,0.0,0.0,0.0,0.0,0.0,0.0,0.0,0.0,107,TAGAGGCGTAGG,CGGCTGCGTTCTTCATCGATGC,1103P,Berry,11,2/21/2019,15,6.95,1.62,rdi
MV11.3309C.2-3.R,0.0,0.0,1529.0,27.0,199.0,0.0,0.0,1338.0,7706.0,0.0,0.0,2238.0,0.0,0.0,50.0,0.0,7637.0,0.0,0.0,0.0,0.0,881.0,0.0,0.0,5240.0,0.0,0.0,0.0,0.0,0.0,99,ACCCACCACTAG,CGGCTGCGTTCTTCATCGATGC,3309C,Root,11,12/20/2018,6,14.93,1.66,rdi
MV11.3309C.2.B,74.0,0.0,5158.0,0.0,60.0,0.0,0.0,11347.0,265.0,0.0,5.0,0.0,39.0,0.0,155.0,0.0,996.0,0.0,0.0,0.0,0.0,0.0,0.0,0.0,0.0,0.0,0.0,0.0,0.0,0.0,97,TAGAGCTGCCAT,CGGCTGCGTTCTTCATCGATGC,3309C,Berry,11,2/7/2019,8,10.95,1.66,rdi
MV11.3309C.3.L,0.0,0.0,29734.0,0.0,70.0,0.0,0.0,0.0,312.0,0.0,105.0,0.0,1061.0,0.0,4020.0,0.0,4029.0,0.0,0.0,0.0,0.0,0.0,0.0,0.0,0.0,0.0,0.0,0.0,0.0,0.0,102,CAGAAGGTGTGG,CGGCTGCGTTCTTCATCGATGC,3309C,Leaf,11,10/18/2018,1,11.69,1.49,rdi
MV11.OWN.10-11.R,0.0,0.0,2255.0,0.0,1433.0,0.0,0.0,52.0,8178.0,0.0,0.0,7922.0,0.0,0.0,8.0,0.0,965.0,0.0,0.0,0.0,0.0,595.0,175.0,0.0,893.0,0.0,0.0,0.0,0.0,61.0,111,GTCAACGCTGTC,CGGCTGCGTTCTTCATCGATGC,OWN,Root,11,12/13/2018,5,36.63,1.75,rdi
MV11.OWN.10-11.S,375.0,25.0,8927.0,125.0,1848.0,0.0,0.0,157.0,13467.0,0.0,0.0,8255.0,28.0,0.0,16.0,0.0,803.0,0.0,0.0,0.0,0.0,135.0,219.0,72.0,7995.0,0.0,0.0,8.0,0.0,76.0,112,ACAGGAGGGTGT,CGGCTGCGTTCTTCATCGATGC,OWN,Soil,11,11/14/208,4,51.37,1.77,rdi
MV11.OWN.10.B,65.0,0.0,15200.0,0.0,133.0,0.0,0.0,1741.0,301.0,0.0,21.0,17.0,991.0,0.0,1919.0,0.0,3950.0,0.0,0.0,0.0,0.0,0.0,0.0,0.0,0.0,0.0,0.0,0.0,0.0,0.0,109,TCAGCGCCGTTA,CGGCTGCGTTCTTCATCGATGC,OWN,Berry,11,2/7/2019,8,17.56,1.6,rdi
MV11.OWN.10.L,0.0,0.0,31914.0,0.0,20.0,0.0,0.0,5.0,386.0,0.0,39.0,0.0,924.0,0.0,6007.0,0.0,5420.0,0.0,0.0,0.0,0.0,0.0,0.0,0.0,0.0,0.0,0.0,0.0,0.0,0.0,110,TAGACCGACTCC,CGGCTGCGTTCTTCATCGATGC,OWN,Leaf,11,10/18/2018,1,9.09,1.51,rdi
MV11.SO4.14-15.R,5.0,0.0,113.0,32.0,181.0,0.0,0.0,0.0,3102.0,0.0,0.0,7747.0,0.0,0.0,0.0,0.0,5006.0,0.0,0.0,0.0,0.0,70.0,577.0,0.0,556.0,0.0,0.0,46.0,0.0,0.0,117,GCTGTCGTCAAC,CGGCTGCGTTCTTCATCGATGC,SO4,Root,11,12/13/2018,5,41.59,1.71,rdi
MV11.SO4.14-15.S,69.0,64.0,2043.0,353.0,1652.0,0.0,0.0,194.0,21344.0,0.0,0.0,4514.0,0.0,0.0,0.0,228.0,299.0,0.0,0.0,0.0,0.0,232.0,106.0,226.0,4020.0,0.0,0.0,62.0,22.0,552.0,118,GAAGCTTGAATC,CGGCTGCGTTCTTCATCGATGC,SO4,Soil,11,11/14/208,4,88.01,1.8,rdi
MV11.SO4.15.B,273.0,0.0,38723.0,0.0,417.0,0.0,0.0,75.0,1996.0,0.0,20.0,295.0,563.0,0.0,3016.0,0.0,4539.0,0.0,0.0,0.0,0.0,0.0,0.0,0.0,0.0,0.0,0.0,0.0,0.0,0.0,119,ACTAGGATCAGT,CGGCTGCGTTCTTCATCGATGC,SO4,Berry,11,2/7/2019,8,5.78,1.5,rdi
MV11.SO4.15.L,28.0,0.0,31164.0,0.0,167.0,0.0,0.0,0.0,597.0,0.0,0.0,88.0,1572.0,0.0,5435.0,0.0,4364.0,0.0,0.0,0.0,0.0,0.0,0.0,0.0,0.0,0.0,0.0,0.0,0.0,0.0,120,GCTCCTTAGAAG,CGGCTGCGTTCTTCATCGATGC,SO4,Leaf,11,10/18/2018,1,6.5,1.37,rdi
MV12.1103P.2-3.B,32.0,0.0,28287.0,0.0,95.0,0.0,0.0,0.0,375.0,0.0,146.0,0.0,735.0,0.0,1606.0,0.0,4307.0,0.0,0.0,0.0,0.0,0.0,0.0,0.0,0.0,0.0,0.0,0.0,0.0,0.0,121,ATAGCTTCGTGG,CGGCTGCGTTCTTCATCGATGC,1103P,Berry,12,2/21/2019,15,3.07,1.85,full
MV12.1103P.2-3.L,18.0,0.0,28522.0,0.0,27.0,0.0,0.0,0.0,370.0,0.0,28.0,0.0,501.0,0.0,7361.0,0.0,6194.0,0.0,0.0,0.0,0.0,0.0,0.0,0.0,0.0,0.0,0.0,0.0,0.0,0.0,122,CGGGATCAAATT,CGGCTGCGTTCTTCATCGATGC,1103P,Leaf,12,10/18/2018,1,34.06,1.33,full
MV12.1103P.2-3.R,0.0,0.0,435.0,0.0,525.0,0.0,0.0,26.0,9446.0,0.0,0.0,41807.0,3.0,0.0,42.0,0.0,1535.0,0.0,0.0,0.0,59.0,1742.0,334.0,58.0,502.0,0.0,0.0,0.0,0.0,0.0,123,AGTCATCGAATG,CGGCTGCGTTCTTCATCGATGC,1103P,Root,12,12/13/2018,5,49.73,1.79,full
MV12.1103P.2-3.S,119.0,38.0,1556.0,197.0,4376.0,0.0,0.0,1247.0,15673.0,0.0,0.0,3610.0,38.0,0.0,30.0,4.0,1099.0,5.0,0.0,89.0,244.0,888.0,131.0,42.0,17141.0,0.0,36.0,0.0,15.0,579.0,124,ATCTTGGAGTCG,CGGCTGCGTTCTTCATCGATGC,1103P,Soil,12,11/14/208,4,68.24,1.81,full
MV12.3309C.14-15.B,0.0,0.0,17703.0,0.0,19.0,0.0,0.0,1647.0,363.0,0.0,15.0,194.0,1886.0,0.0,6133.0,0.0,11896.0,0.0,0.0,0.0,0.0,0.0,0.0,0.0,0.0,0.0,0.0,0.0,0.0,0.0,133,ACCTTGACAAGA,CGGCTGCGTTCTTCATCGATGC,3309C,Berry,12,2/21/2019,15,3.67,1.86,full
MV12.3309C.14-15.L,0.0,0.0,18661.0,0.0,15.0,0.0,0.0,0.0,103.0,0.0,46.0,0.0,333.0,0.0,5939.0,0.0,3177.0,0.0,0.0,0.0,0.0,0.0,0.0,0.0,0.0,0.0,0.0,0.0,0.0,0.0,134,GTAACCACCACC,CGGCTGCGTTCTTCATCGATGC,3309C,Leaf,12,10/18/2018,1,28.67,1.43,full
MV12.3309C.14-15.R,7.0,0.0,2344.0,582.0,1400.0,0.0,0.0,169.0,22234.0,0.0,0.0,31105.0,60.0,0.0,216.0,0.0,1477.0,0.0,0.0,0.0,435.0,3847.0,86.0,295.0,1935.0,0.0,0.0,52.0,0.0,6.0,135,CATAGCTCGGTC,CGGCTGCGTTCTTCATCGATGC,3309C,Root,12,12/13/2018,5,38.51,1.63,full
MV12.3309C.14-15.S,35.0,45.0,6216.0,125.0,2117.0,0.0,0.0,811.0,11146.0,0.0,0.0,5371.0,22.0,0.0,31.0,220.0,582.0,2.0,45.0,0.0,0.0,376.0,0.0,1246.0,7787.0,0.0,21.0,45.0,26.0,81.0,136,AACCATGCCAAC,CGGCTGCGTTCTTCATCGATGC,3309C,Soil,12,11/14/208,4,136.55,1.84,full
MV12.OWN.6-7.B,126.0,0.0,19851.0,0.0,60.0,0.0,0.0,10.0,4856.0,0.0,0.0,36.0,299.0,0.0,1252.0,0.0,3554.0,0.0,0.0,0.0,0.0,0.0,0.0,0.0,0.0,0.0,0.0,0.0,0.0,0.0,125,AGCACCGGTCTT,CGGCTGCGTTCTTCATCGATGC,OWN,Berry,12,2/21/2019,15,5.16,1.67,full
MV12.OWN.6-7.L,32.0,0.0,24516.0,0.0,15.0,0.0,0.0,7.0,295.0,0.0,25.0,22.0,524.0,0.0,8675.0,0.0,5488.0,0.0,0.0,0.0,0.0,0.0,0.0,0.0,0.0,0.0,0.0,0.0,0.0,0.0,126,GCAAATCAGCCT,CGGCTGCGTTCTTCATCGATGC,OWN,Leaf,12,10/18/2018,1,36.03,1.5,full
MV12.OWN.6-7.R,45.0,4.0,972.0,76.0,1797.0,0.0,2949.0,0.0,4685.0,0.0,0.0,4544.0,0.0,0.0,0.0,0.0,139.0,0.0,0.0,0.0,0.0,108.0,27.0,0.0,144.0,0.0,0.0,0.0,0.0,85.0,127,GCAAGCTGTCTC,CGGCTGCGTTCTTCATCGATGC,OWN,Root,12,12/13/2018,5,13.39,1.75,full
MV12.OWN.6-7.S,13.0,3.0,6417.0,86.0,2825.0,0.0,16.0,45.0,7283.0,0.0,0.0,879.0,0.0,0.0,0.0,0.0,186.0,0.0,0.0,0.0,0.0,147.0,30.0,0.0,2161.0,0.0,9.0,0.0,2.0,268.0,128,AGCGGCCTATTA,CGGCTGCGTTCTTCATCGATGC,OWN,Soil,12,11/14/208,4,126.86,1.86,full
MV12.SO4.10-11.B,61.0,0.0,8170.0,0.0,64.0,0.0,0.0,14756.0,1290.0,0.0,6.0,0.0,4982.0,0.0,12404.0,0.0,1934.0,0.0,0.0,0.0,0.0,0.0,0.0,0.0,0.0,0.0,0.0,0.0,0.0,0.0,129,TCTTCAACTACC,CGGCTGCGTTCTTCATCGATGC,SO4,Berry,12,2/21/2019,15,5.29,1.72,full
MV12.SO4.10-11.L,0.0,0.0,22354.0,0.0,12.0,0.0,0.0,40.0,155.0,0.0,18.0,495.0,894.0,0.0,9087.0,0.0,6382.0,0.0,0.0,0.0,0.0,0.0,0.0,0.0,0.0,0.0,0.0,0.0,0.0,0.0,130,TCCCATTCCCAT,CGGCTGCGTTCTTCATCGATGC,SO4,Leaf,12,10/18/2018,1,11.01,1.3,full
MV12.SO4.10-11.R,0.0,0.0,428.0,83.0,963.0,0.0,0.0,28.0,11897.0,0.0,0.0,8445.0,0.0,0.0,0.0,0.0,1603.0,0.0,0.0,0.0,0.0,0.0,0.0,0.0,1383.0,0.0,0.0,0.0,0.0,0.0,131,TGGCGTCATTCG,CGGCTGCGTTCTTCATCGATGC,SO4,Root,12,12/13/2018,5,28.79,1.47,full
MV12.SO4.10-11.S,0.0,9.0,246.0,0.0,109.0,0.0,0.0,8.0,892.0,0.0,0.0,28.0,0.0,0.0,0.0,0.0,6.0,0.0,0.0,0.0,0.0,32.0,0.0,0.0,528.0,0.0,8.0,0.0,0.0,0.0,132,TGCCGAGTAATC,CGGCTGCGTTCTTCATCGATGC,SO4,Soil,12,11/14/208,4,97.1,1.81,full
MV13.1103P.10-11.B,244.0,0.0,13553.0,0.0,88.0,0.0,0.0,1350.0,2700.0,0.0,12.0,6.0,789.0,0.0,18101.0,0.0,10342.0,0.0,0.0,0.0,0.0,0.0,0.0,0.0,0.0,0.0,0.0,0.0,0.0,0.0,145,GTACATGTCGCC,CGGCTGCGTTCTTCATCGATGC,1103P,Berry,13,2/18/2019,13,12.02,1.61,none
MV13.1103P.10-11.L,0.0,0.0,18694.0,0.0,12.0,0.0,0.0,0.0,98.0,0.0,0.0,0.0,174.0,0.0,3185.0,0.0,1557.0,0.0,0.0,0.0,0.0,0.0,0.0,0.0,0.0,0.0,0.0,0.0,0.0,0.0,146,TTCTAGAGTGCG,CGGCTGCGTTCTTCATCGATGC,1103P,Leaf,13,10/18/2018,1,9.14,1.34,none
MV13.1103P.10-11.R,0.0,7.0,592.0,141.0,316.0,0.0,0.0,75.0,10241.0,0.0,0.0,9073.0,13.0,0.0,37.0,0.0,1722.0,12.0,0.0,0.0,91.0,1806.0,696.0,0.0,1057.0,0.0,0.0,121.0,0.0,15.0,147,ACGGATGTTATG,CGGCTGCGTTCTTCATCGATGC,1103P,Root,13,12/13/2018,5,24.94,1.51,none
MV13.1103P.10-11.S,33.0,38.0,11956.0,26.0,639.0,0.0,0.0,126.0,10787.0,65.0,0.0,880.0,19.0,0.0,24.0,0.0,270.0,24.0,0.0,0.0,0.0,971.0,466.0,53.0,6099.0,0.0,2.0,78.0,25.0,185.0,148,TTGAGGCTACAA,CGGCTGCGTTCTTCATCGATGC,1103P,Soil,13,11/14/208,4,49.14,1.77,none
MV13.3309C.6-7.B,104.0,0.0,11689.0,0.0,103.0,0.0,0.0,404.0,1938.0,0.0,36.0,0.0,1177.0,0.0,5320.0,0.0,8062.0,0.0,0.0,0.0,0.0,0.0,0.0,0.0,0.0,0.0,0.0,0.0,0.0,0.0,141,TTGTATGACAGG,CGGCTGCGTTCTTCATCGATGC,3309C,Berry,13,2/21/2019,15,4.04,1.79,none
MV13.3309C.6-7.L,0.0,0.0,24638.0,0.0,55.0,0.0,0.0,0.0,158.0,0.0,11.0,0.0,1163.0,0.0,12234.0,0.0,3372.0,0.0,0.0,0.0,0.0,0.0,0.0,0.0,0.0,0.0,0.0,0.0,0.0,0.0,142,AATCCTCGGAGT,CGGCTGCGTTCTTCATCGATGC,3309C,Leaf,13,10/18/2018,1,9.03,1.44,none
MV13.3309C.6-7.R,0.0,0.0,311.0,0.0,33.0,0.0,0.0,14.0,4159.0,0.0,0.0,12415.0,11.0,0.0,22.0,0.0,22.0,0.0,0.0,0.0,0.0,19.0,0.0,0.0,450.0,0.0,0.0,0.0,0.0,0.0,143,CTGGACGCATTA,CGGCTGCGTTCTTCATCGATGC,3309C,Root,13,12/13/2018,5,19.2,1.63,none
MV13.3309C.6-7.S,0.0,0.0,302.0,0.0,1554.0,0.0,0.0,24.0,2333.0,0.0,0.0,386.0,0.0,0.0,0.0,123.0,57.0,0.0,0.0,0.0,0.0,23.0,20.0,0.0,1196.0,0.0,0.0,0.0,0.0,3.0,144,CGGTCTGTCTGA,CGGCTGCGTTCTTCATCGATGC,3309C,Soil,13,11/14/208,4,95.54,1.79,none
MV13.OWN.14-15.B,597.0,0.0,32726.0,23.0,50.0,0.0,0.0,0.0,1663.0,0.0,56.0,56.0,1833.0,0.0,1514.0,0.0,2995.0,0.0,0.0,0.0,0.0,0.0,0.0,0.0,0.0,0.0,0.0,0.0,0.0,0.0,149,GTAGGAACCGGA,CGGCTGCGTTCTTCATCGATGC,OWN,Berry,13,2/18/2019,13,7.56,1.55,none
MV13.OWN.14-15.L,34.0,0.0,35090.0,0.0,57.0,0.0,0.0,8.0,1130.0,0.0,30.0,0.0,563.0,0.0,8546.0,0.0,5176.0,0.0,0.0,0.0,0.0,0.0,0.0,0.0,0.0,0.0,0.0,0.0,0.0,0.0,150,ACATCTAGCAGA,CGGCTGCGTTCTTCATCGATGC,OWN,Leaf,13,10/18/2018,1,8.6,1.24,none
MV13.OWN.14-15.R,0.0,11.0,730.0,365.0,114.0,0.0,0.0,0.0,6844.0,0.0,0.0,5701.0,7.0,0.0,27.0,0.0,53.0,12.0,0.0,0.0,0.0,1008.0,415.0,0.0,710.0,0.0,0.0,81.0,0.0,517.0,151,CCGACATTGTAG,CGGCTGCGTTCTTCATCGATGC,OWN,Root,13,12/13/2018,5,40.77,1.66,none
MV13.OWN.14-15.S,95.0,26.0,2992.0,177.0,1374.0,0.0,0.0,205.0,15535.0,0.0,0.0,3482.0,19.0,0.0,44.0,0.0,366.0,0.0,0.0,65.0,0.0,547.0,187.0,110.0,9891.0,0.0,52.0,0.0,15.0,302.0,152,CATGTAAGGCTC,CGGCTGCGTTCTTCATCGATGC,OWN,Soil,13,11/14/208,4,49.89,1.8,none
MV13.SO4.2-3.B,28.0,0.0,34610.0,0.0,521.0,0.0,0.0,7350.0,485.0,0.0,173.0,33.0,1207.0,0.0,829.0,0.0,4336.0,0.0,0.0,0.0,0.0,0.0,0.0,0.0,0.0,0.0,0.0,0.0,0.0,0.0,137,TATGGAGCTAGT,CGGCTGCGTTCTTCATCGATGC,SO4,Berry,13,2/21/2019,15,5.73,1.54,none
MV13.SO4.2-3.L,0.0,0.0,26923.0,0.0,36.0,0.0,0.0,19.0,255.0,0.0,49.0,0.0,414.0,0.0,3970.0,0.0,5816.0,0.0,0.0,0.0,0.0,0.0,0.0,0.0,0.0,0.0,0.0,0.0,0.0,0.0,138,ACTACCTCTTCA,CGGCTGCGTTCTTCATCGATGC,SO4,Leaf,13,10/18/2018,1,8.09,1.35,none
MV13.SO4.2-3.R,12.0,0.0,1641.0,52.0,935.0,0.0,0.0,109.0,9820.0,0.0,0.0,9362.0,19.0,0.0,40.0,0.0,170.0,0.0,0.0,0.0,321.0,474.0,53.0,17.0,630.0,0.0,0.0,0.0,0.0,0.0,139,GATGATAACCCA,CGGCTGCGTTCTTCATCGATGC,SO4,Root,13,12/13/2018,5,28.46,1.45,none
MV13.SO4.2-3.S,0.0,0.0,2584.0,56.0,634.0,0.0,0.0,850.0,7589.0,0.0,0.0,535.0,11.0,0.0,21.0,0.0,502.0,0.0,0.0,0.0,0.0,43.0,0.0,25.0,10647.0,0.0,0.0,0.0,0.0,19.0,140,GGCCCAATATAA,CGGCTGCGTTCTTCATCGATGC,SO4,Soil,13,11/14/208,4,108.06,1.81,none
MV14.1103P.14-15.B,176.0,0.0,9797.0,0.0,32.0,0.0,0.0,16192.0,648.0,0.0,0.0,0.0,48.0,0.0,399.0,0.0,1248.0,0.0,0.0,0.0,0.0,0.0,0.0,0.0,0.0,0.0,0.0,0.0,0.0,0.0,165,TACCTGTGTCTT,CGGCTGCGTTCTTCATCGATGC,1103P,Berry,14,2/18/2019,13,18.61,1.54,rdi
MV14.1103P.14-15.L,0.0,0.0,19696.0,0.0,22.0,0.0,0.0,0.0,38.0,0.0,5.0,0.0,183.0,0.0,11346.0,0.0,3863.0,0.0,0.0,0.0,0.0,0.0,0.0,0.0,0.0,0.0,0.0,0.0,0.0,0.0,166,ATGTGCTGCTCG,CGGCTGCGTTCTTCATCGATGC,1103P,Leaf,14,10/23/2018,2,16.75,1.35,rdi
MV14.1103P.14-15.R,0.0,0.0,820.0,0.0,265.0,0.0,0.0,291.0,5798.0,0.0,0.0,4654.0,23.0,0.0,82.0,0.0,1865.0,0.0,0.0,26.0,115.0,1812.0,65.0,0.0,1453.0,0.0,0.0,0.0,0.0,45.0,167,TACGTACGAAAC,CGGCTGCGTTCTTCATCGATGC,1103P,Root,14,12/20/2018,6,21.2,1.54,rdi
MV14.1103P.14-15.S,0.0,0.0,459.0,0.0,603.0,0.0,0.0,497.0,2034.0,0.0,0.0,525.0,0.0,0.0,9.0,0.0,8.0,0.0,0.0,0.0,30.0,39.0,0.0,2671.0,758.0,0.0,0.0,0.0,0.0,0.0,168,ACACCTGCGATC,CGGCTGCGTTCTTCATCGATGC,1103P,Soil,14,11/14/208,4,147.17,1.82,rdi
MV14.3309C.2-3.B,224.0,0.0,26087.0,0.0,547.0,0.0,0.0,2354.0,1635.0,0.0,0.0,4.0,1337.0,0.0,1061.0,0.0,5105.0,0.0,0.0,0.0,0.0,0.0,0.0,0.0,0.0,0.0,0.0,0.0,0.0,0.0,153,TGCAAGCTAAGT,CGGCTGCGTTCTTCATCGATGC,3309C,Berry,14,2/18/2019,13,16.5,1.5,rdi
MV14.3309C.2-3.L,0.0,0.0,23033.0,0.0,44.0,0.0,0.0,12.0,220.0,0.0,0.0,0.0,511.0,0.0,5086.0,0.0,6484.0,0.0,0.0,0.0,0.0,0.0,0.0,0.0,0.0,0.0,0.0,0.0,0.0,0.0,154,ACCGATTAGGTA,CGGCTGCGTTCTTCATCGATGC,3309C,Leaf,14,10/23/2018,2,47.02,1.53,rdi
MV14.3309C.2-3.S,6.0,0.0,1033.0,72.0,151.0,0.0,0.0,102.0,3224.0,0.0,0.0,315.0,0.0,0.0,0.0,0.0,10.0,0.0,0.0,0.0,0.0,76.0,13.0,168.0,1831.0,0.0,0.0,0.0,0.0,9.0,156,TAGGCTCGTGCT,CGGCTGCGTTCTTCATCGATGC,3309C,Soil,14,11/14/208,4,75.14,1.82,rdi
MV14.OWN.10-11.B,33.0,0.0,34733.0,0.0,4.0,0.0,0.0,99.0,443.0,0.0,19.0,0.0,1627.0,0.0,4052.0,0.0,7961.0,0.0,0.0,0.0,0.0,0.0,0.0,0.0,0.0,0.0,0.0,0.0,0.0,0.0,161,AATCAGAGCTTG,CGGCTGCGTTCTTCATCGATGC,OWN,Berry,14,2/18/2019,13,10.31,1.56,rdi
MV14.OWN.10-11.L,11.0,0.0,27684.0,0.0,44.0,0.0,0.0,8.0,231.0,0.0,0.0,40.0,872.0,0.0,7897.0,0.0,5462.0,0.0,0.0,0.0,0.0,0.0,0.0,0.0,0.0,0.0,0.0,0.0,0.0,0.0,162,CAATGTAGACAC,CGGCTGCGTTCTTCATCGATGC,OWN,Leaf,14,10/23/2018,2,29.23,1.33,rdi
MV14.OWN.10-11.R,0.0,0.0,471.0,0.0,33.0,0.0,0.0,0.0,12004.0,0.0,0.0,2656.0,0.0,0.0,8.0,0.0,0.0,0.0,0.0,0.0,0.0,0.0,0.0,0.0,214.0,0.0,0.0,0.0,0.0,0.0,163,TGGCGATACGTT,CGGCTGCGTTCTTCATCGATGC,OWN,Root,14,12/20/2018,6,53.87,2.09,rdi
MV14.OWN.10-11.S,123.0,0.0,793.0,30.0,792.0,0.0,26.0,89.0,7985.0,84.0,0.0,454.0,0.0,0.0,23.0,0.0,685.0,0.0,0.0,0.0,0.0,560.0,0.0,0.0,9353.0,50.0,4.0,12.0,0.0,136.0,164,GCCTTACGATAG,CGGCTGCGTTCTTCATCGATGC,OWN,Soil,14,11/14/208,4,178.67,1.88,rdi
MV14.SO4.6-7.B,0.0,0.0,18883.0,0.0,0.0,0.0,0.0,13.0,350.0,0.0,0.0,55.0,281.0,0.0,1961.0,0.0,8655.0,0.0,0.0,0.0,0.0,0.0,0.0,0.0,0.0,0.0,0.0,0.0,0.0,0.0,157,CTCCTTAAGGCG,CGGCTGCGTTCTTCATCGATGC,SO4,Berry,14,01/15/19,16,4.12,2.36,rdi
MV14.SO4.6-7.L,0.0,0.0,25723.0,0.0,42.0,0.0,0.0,2.0,167.0,0.0,7.0,0.0,315.0,0.0,5197.0,0.0,8152.0,0.0,0.0,0.0,0.0,0.0,0.0,0.0,0.0,0.0,0.0,0.0,0.0,0.0,158,TTGCCTGGGTCA,CGGCTGCGTTCTTCATCGATGC,SO4,Leaf,14,10/23/2018,2,13.23,1.42,rdi
MV14.SO4.6-7.R,0.0,0.0,686.0,42.0,168.0,0.0,0.0,2206.0,8764.0,0.0,0.0,6367.0,0.0,0.0,44.0,0.0,2073.0,0.0,0.0,0.0,0.0,231.0,264.0,0.0,1532.0,0.0,0.0,92.0,0.0,0.0,159,CAATTCTGCTTC,CGGCTGCGTTCTTCATCGATGC,SO4,Root,14,12/20/2018,6,39.47,1.48,rdi
MV14.SO4.6-7.S,0.0,0.0,2860.0,78.0,30183.0,0.0,0.0,668.0,5596.0,0.0,15.0,752.0,0.0,0.0,14.0,0.0,432.0,0.0,0.0,0.0,0.0,0.0,20.0,0.0,4588.0,38.0,3.0,0.0,12.0,105.0,160,ACTGGCAAACCT,CGGCTGCGTTCTTCATCGATGC,SO4,Soil,14,11/14/208,4,137.12,1.84,rdi
MV15.1103P.10-11.B,73.0,0.0,22592.0,0.0,240.0,0.0,0.0,703.0,665.0,0.0,0.0,0.0,385.0,17.0,295.0,0.0,1425.0,0.0,0.0,0.0,0.0,0.0,0.0,0.0,0.0,0.0,0.0,0.0,0.0,0.0,177,CTATCCAAGTGG,CGGCTGCGTTCTTCATCGATGC,1103P,Berry,15,2/11/2019,9,6.44,1.56,none
MV15.1103P.10-11.L,19.0,0.0,56482.0,0.0,113.0,0.0,0.0,44.0,406.0,0.0,0.0,0.0,1021.0,0.0,4946.0,0.0,5686.0,0.0,0.0,0.0,0.0,0.0,0.0,0.0,0.0,0.0,0.0,0.0,0.0,0.0,178,ATCACATTCTCC,CGGCTGCGTTCTTCATCGATGC,1103P,Leaf,15,10/18/2018,1,11.09,1.37,none
MV15.1103P.10-11.S,24.0,0.0,348.0,0.0,39.0,0.0,0.0,50.0,1765.0,0.0,0.0,247.0,0.0,0.0,0.0,0.0,61.0,0.0,0.0,0.0,0.0,135.0,39.0,0.0,1117.0,0.0,0.0,8.0,0.0,0.0,180,AAGAGCAGAGCC,CGGCTGCGTTCTTCATCGATGC,1103P,Soil,15,11/14/208,4,120.77,1.9,none
MV15.3309C.6-7.B,264.0,0.0,32829.0,169.0,66.0,0.0,0.0,4529.0,2562.0,0.0,0.0,0.0,612.0,15.0,8294.0,0.0,4374.0,0.0,0.0,0.0,0.0,0.0,0.0,0.0,0.0,0.0,0.0,0.0,0.0,0.0,173,TACCACAACGAA,CGGCTGCGTTCTTCATCGATGC,3309C,Berry,15,2/12/2019,10,27.13,1.47,none
MV15.3309C.6-7.L,0.0,0.0,26531.0,0.0,15.0,0.0,0.0,0.0,326.0,0.0,17.0,4.0,1877.0,0.0,3863.0,0.0,5405.0,0.0,0.0,0.0,0.0,0.0,0.0,0.0,0.0,0.0,0.0,0.0,0.0,0.0,174,TCTGGAACGGTT,CGGCTGCGTTCTTCATCGATGC,3309C,Leaf,15,10/18/2018,1,6.79,1.38,none
MV15.3309C.6-7.R,166.0,0.0,2088.0,268.0,208.0,0.0,0.0,2223.0,14016.0,0.0,0.0,4755.0,23.0,0.0,85.0,0.0,769.0,0.0,0.0,0.0,0.0,0.0,0.0,73.0,1374.0,0.0,0.0,110.0,0.0,0.0,175,GTACTACCTCGG,CGGCTGCGTTCTTCATCGATGC,3309C,Root,15,12/20/2018,6,30.94,1.63,none
MV15.3309C.6-7.S,10.0,0.0,2600.0,111.0,2343.0,0.0,0.0,657.0,4829.0,0.0,0.0,785.0,11.0,0.0,58.0,0.0,290.0,10.0,0.0,0.0,0.0,88.0,0.0,18.0,6923.0,0.0,0.0,0.0,70.0,0.0,176,TTCCTGTTAACC,CGGCTGCGTTCTTCATCGATGC,3309C,Soil,15,11/14/208,4,76.12,1.86,none
MV15.OWN.2-3.B,0.0,0.0,17269.0,0.0,18.0,0.0,0.0,0.0,81.0,0.0,0.0,0.0,573.0,0.0,262.0,0.0,9161.0,0.0,0.0,0.0,0.0,0.0,0.0,0.0,0.0,0.0,0.0,0.0,0.0,0.0,169,GGCGTTGCATTC,CGGCTGCGTTCTTCATCGATGC,OWN,Berry,15,2/11/2019,9,9.36,1.54,none
MV15.OWN.2-3.L,0.0,0.0,26059.0,0.0,18.0,0.0,0.0,0.0,207.0,0.0,0.0,0.0,563.0,0.0,4122.0,0.0,4764.0,0.0,0.0,0.0,0.0,0.0,0.0,0.0,0.0,0.0,0.0,0.0,0.0,0.0,170,ACTAGCGTTCAG,CGGCTGCGTTCTTCATCGATGC,OWN,Leaf,15,10/18/2018,1,15.36,1.38,none
MV15.OWN.2-3.R,0.0,0.0,1684.0,192.0,1085.0,0.0,0.0,29.0,15117.0,0.0,0.0,13068.0,30.0,0.0,24.0,0.0,93.0,0.0,0.0,0.0,0.0,1144.0,147.0,0.0,3451.0,0.0,0.0,0.0,0.0,41.0,171,TTGCGACAAAGT,CGGCTGCGTTCTTCATCGATGC,OWN,Root,15,12/20/2018,6,26.83,1.53,none
MV15.OWN.2-3.S,148.0,0.0,1352.0,57.0,2254.0,0.0,35.0,359.0,15200.0,0.0,9.0,1838.0,20.0,0.0,47.0,5284.0,463.0,0.0,0.0,0.0,0.0,877.0,258.0,0.0,10863.0,0.0,67.0,0.0,0.0,482.0,172,TGCGAGTATATG,CGGCTGCGTTCTTCATCGATGC,OWN,Soil,15,11/14/208,4,80.2,1.86,none
MV15.SO4.14-15.B,7.0,0.0,9831.0,0.0,12.0,0.0,0.0,141.0,599.0,0.0,23.0,0.0,29.0,0.0,166.0,0.0,609.0,0.0,0.0,0.0,0.0,0.0,0.0,0.0,0.0,0.0,0.0,0.0,0.0,0.0,181,GGAGAGATCACG,CGGCTGCGTTCTTCATCGATGC,SO4,Berry,15,2/11/2019,9,13.29,1.56,none
MV15.SO4.14-15.L,0.0,0.0,34012.0,0.0,11.0,0.0,0.0,0.0,140.0,0.0,17.0,0.0,716.0,0.0,7578.0,0.0,5653.0,0.0,0.0,0.0,0.0,0.0,0.0,0.0,0.0,0.0,0.0,0.0,0.0,0.0,182,TCAACCCGTGAA,CGGCTGCGTTCTTCATCGATGC,SO4,Leaf,15,10/18/2018,1,23.27,1.34,none
MV15.SO4.14-15.R,0.0,0.0,153.0,80.0,318.0,0.0,0.0,19.0,14582.0,0.0,0.0,4688.0,3.0,0.0,18.0,0.0,1079.0,0.0,0.0,0.0,71.0,258.0,96.0,0.0,454.0,0.0,0.0,104.0,0.0,0.0,183,GTTTGAAACACG,CGGCTGCGTTCTTCATCGATGC,SO4,Root,15,12/13/2018,5,40.2,1.51,none
MV15.SO4.14-15.S,122.0,6.0,2382.0,181.0,1109.0,0.0,0.0,14.0,43668.0,0.0,4.0,1146.0,11.0,0.0,34.0,345.0,1185.0,0.0,0.0,0.0,0.0,119.0,52.0,0.0,5069.0,0.0,21.0,74.0,0.0,104.0,184,AGAGAGACAGGT,CGGCTGCGTTCTTCATCGATGC,SO4,Soil,15,11/14/208,4,96.79,1.78,none
MV16.1103P.2-3.B,28.0,0.0,3409.0,0.0,0.0,0.0,0.0,1007.0,102.0,0.0,0.0,0.0,51.0,0.0,48.0,0.0,555.0,0.0,0.0,0.0,0.0,0.0,0.0,0.0,0.0,0.0,0.0,0.0,0.0,0.0,185,TCGCCAGTGCAT,CGGCTGCGTTCTTCATCGATGC,1103P,Berry,16,2/11/2019,9,4.8,1.34,full
MV16.1103P.2-3.L,38.0,0.0,33766.0,0.0,40.0,0.0,0.0,15.0,458.0,0.0,71.0,6.0,672.0,0.0,4070.0,0.0,9262.0,0.0,0.0,0.0,0.0,0.0,0.0,0.0,0.0,0.0,0.0,0.0,0.0,0.0,186,GCTCAGGACTCT,CGGCTGCGTTCTTCATCGATGC,1103P,Leaf,16,10/18/2018,1,21.44,1.3,full
MV16.1103P.2-3.R,13.0,0.0,1451.0,14.0,147.0,0.0,4056.0,563.0,10655.0,0.0,0.0,14929.0,0.0,0.0,27.0,0.0,47.0,0.0,0.0,0.0,0.0,920.0,210.0,16.0,1967.0,0.0,0.0,0.0,0.0,0.0,187,CACTTTGGGTGC,CGGCTGCGTTCTTCATCGATGC,1103P,Root,16,12/20/2018,6,17.26,1.38,full
MV16.1103P.2-3.S,213.0,8.0,2053.0,31.0,4223.0,0.0,78.0,1416.0,7551.0,0.0,0.0,468.0,9.0,0.0,0.0,0.0,143.0,0.0,0.0,0.0,0.0,1106.0,108.0,71.0,3904.0,0.0,27.0,0.0,8.0,0.0,188,TCTAGCCTGGCA,CGGCTGCGTTCTTCATCGATGC,1103P,Soil,16,11/14/208,4,66.62,1.77,full
MV16.3309C.14-15.B,0.0,0.0,42282.0,0.0,354.0,0.0,0.0,53.0,342.0,0.0,42.0,0.0,183.0,0.0,4276.0,0.0,4314.0,0.0,0.0,0.0,0.0,0.0,0.0,0.0,0.0,0.0,0.0,0.0,0.0,0.0,197,TGCGGTTGACTC,CGGCTGCGTTCTTCATCGATGC,3309C,Berry,16,2/11/2019,9,10.8,1.44,full
MV16.3309C.14-15.L,0.0,0.0,22488.0,0.0,4.0,0.0,0.0,0.0,93.0,0.0,0.0,0.0,933.0,0.0,9474.0,0.0,4375.0,0.0,0.0,0.0,0.0,0.0,0.0,0.0,0.0,0.0,0.0,0.0,0.0,0.0,198,TGAGAAGAAAGG,CGGCTGCGTTCTTCATCGATGC,3309C,Leaf,16,10/18/2018,1,16.3,1.35,full
MV16.3309C.14-15.R,6.0,0.0,618.0,0.0,56.0,0.0,138.0,66.0,11418.0,0.0,0.0,8569.0,0.0,0.0,13.0,0.0,35.0,0.0,0.0,0.0,0.0,362.0,392.0,0.0,1933.0,0.0,0.0,83.0,0.0,20.0,199,GACCCTAGACCT,CGGCTGCGTTCTTCATCGATGC,3309C,Root,16,12/20/2018,6,23.37,2.56,full
MV16.OWN.6-7.B,33.0,0.0,19031.0,0.0,99.0,0.0,0.0,4124.0,426.0,0.0,0.0,0.0,149.0,0.0,1511.0,0.0,1694.0,0.0,0.0,0.0,0.0,0.0,0.0,0.0,0.0,0.0,0.0,0.0,0.0,0.0,189,AATGCAATGCGT,CGGCTGCGTTCTTCATCGATGC,OWN,Berry,16,2/11/2019,9,4.34,1.26,full
MV16.OWN.6-7.L,18.0,0.0,37482.0,0.0,29.0,0.0,0.0,3.0,376.0,0.0,9.0,21.0,333.0,0.0,13250.0,0.0,7875.0,0.0,0.0,0.0,0.0,0.0,0.0,0.0,0.0,0.0,0.0,0.0,0.0,0.0,190,AGCCTGGTACCT,CGGCTGCGTTCTTCATCGATGC,OWN,Leaf,16,10/18/2018,1,13.67,1.34,full
MV16.OWN.6-7.R,0.0,0.0,552.0,125.0,0.0,0.0,0.0,0.0,28788.0,0.0,0.0,8108.0,0.0,0.0,0.0,0.0,0.0,0.0,0.0,0.0,342.0,819.0,52.0,0.0,12097.0,0.0,0.0,0.0,0.0,643.0,191,GCTAAAGTCGTA,CGGCTGCGTTCTTCATCGATGC,OWN,Root,16,12/20/2018,6,9.94,1.4,full
MV16.OWN.6-7.S,217.0,0.0,692.0,19.0,283.0,0.0,0.0,87.0,3331.0,0.0,0.0,894.0,0.0,0.0,0.0,0.0,410.0,0.0,0.0,0.0,0.0,57.0,26.0,0.0,1019.0,0.0,4.0,0.0,0.0,19.0,192,ATCAGAGCCCAT,CGGCTGCGTTCTTCATCGATGC,OWN,Soil,16,11/14/208,4,134.84,1.84,full
MV16.SO4.10-11.B,0.0,0.0,12192.0,0.0,0.0,0.0,0.0,7050.0,820.0,0.0,0.0,0.0,87.0,0.0,332.0,0.0,1006.0,0.0,0.0,0.0,0.0,0.0,0.0,0.0,0.0,0.0,0.0,0.0,0.0,0.0,193,TCTGTAGAGCCA,CGGCTGCGTTCTTCATCGATGC,SO4,Berry,16,2/12/2019,10,16.4,1.45,full
MV16.SO4.10-11.L,0.0,0.0,20498.0,0.0,26.0,0.0,0.0,0.0,235.0,0.0,0.0,0.0,375.0,0.0,4905.0,0.0,3535.0,0.0,0.0,0.0,0.0,0.0,0.0,0.0,0.0,0.0,0.0,0.0,0.0,0.0,194,TCTCAGCGCGTA,CGGCTGCGTTCTTCATCGATGC,SO4,Leaf,16,10/18/2018,1,4.68,1.36,full
MV16.SO4.10-11.R,19.0,4.0,1260.0,44.0,262.0,0.0,1571.0,497.0,12810.0,0.0,0.0,16942.0,261.0,0.0,168.0,0.0,139.0,0.0,0.0,0.0,537.0,660.0,627.0,40.0,4593.0,0.0,0.0,0.0,30.0,36.0,195,ATCCTACGAGCA,CGGCTGCGTTCTTCATCGATGC,SO4,Root,16,12/20/2018,6,17.66,1.6,full
MV16.SO4.10-11.S,194.0,5.0,5119.0,180.0,18249.0,0.0,524.0,1237.0,25331.0,0.0,0.0,3395.0,31.0,0.0,25.0,359.0,1179.0,0.0,0.0,15.0,0.0,259.0,1222.0,0.0,21449.0,0.0,7.0,0.0,42.0,94.0,196,GACAACGAATCT,CGGCTGCGTTCTTCATCGATGC,SO4,Soil,16,11/14/208,4,100.83,1.8,full
